"statistic, pvalue, row is better than column",template_17,template_16,best set: template_2,template_3,template_10,template_28,template_41,template_36,template_37,template_32,template_33,template_34,template_35,template_30,template_31,template_29,template_39,template_52,template_53,template_54,template_55,template_46,template_47,template_48,template_44,template_45,template_42,template_40,template_38,template_11,template_24,template_12,template_13,template_8,template_9,template_4,template_5,template_6,template_7,template_0,template_15,template_1,template_25,template_26,template_27,template_22,template_23,template_18,template_19,template_21,template_14,template_43,template_50,template_51,template_49,template_20,group,accuracy
template_17,None,"1.00, 1.00, None","1.00, 1.00, None","1.00, 1.00, None","1.00, 1.00, True","1.00, 1.00, True","1.00, 1.00, True","1.00, 1.00, True","1.00, 1.00, True","1.00, 1.00, True","1.00, 1.00, True","1.00, 1.00, True","1.00, 1.00, True","1.00, 1.00, True","1.00, 1.00, True","1.00, 1.00, True","1.00, 1.00, True","1.00, 1.00, True","1.00, 1.00, True","1.00, 1.00, True","1.00, 1.00, True","1.00, 1.00, True","1.00, 1.00, True","1.00, 1.00, True","1.00, 1.00, True","1.00, 1.00, True","1.00, 1.00, True","1.00, 1.00, True","1.00, 1.00, True","1.00, 1.00, True","1.00, 1.00, True","1.00, 1.00, True","1.00, 1.00, True","1.00, 1.00, True","1.00, 1.00, True","1.00, 1.00, True","1.00, 1.00, True","1.00, 1.00, True","1.00, 1.00, True","1.00, 1.00, True","1.00, 1.00, True","1.00, 1.00, True","1.00, 1.00, True","1.00, 1.00, True","1.00, 1.00, True","1.00, 1.00, True","1.00, 1.00, True","1.00, 1.00, True","1.00, 1.00, True","1.00, 1.00, True","1.00, 1.00, True","1.00, 1.00, True","1.00, 0.62, True","1.00, 0.62, True","1.00, 0.62, True","1.00, 0.62, True",A,0.21
template_16,"1.00, 1.00, True",None,"1.00, 1.00, None","1.00, 1.00, None","0.00, 1.00, True","0.00, 1.00, True","0.00, 1.00, True","0.00, 1.00, True","0.00, 1.00, True","0.00, 1.00, True","0.00, 1.00, True","0.00, 1.00, True","0.00, 1.00, True","0.00, 1.00, True","0.00, 1.00, True","0.00, 1.00, True","0.00, 1.00, True","0.00, 1.00, True","0.00, 1.00, True","0.00, 1.00, True","0.00, 1.00, True","0.00, 1.00, True","0.00, 1.00, True","0.00, 1.00, True","0.00, 1.00, True","0.00, 1.00, True","0.00, 1.00, True","0.00, 1.00, True","0.00, 1.00, True","0.00, 1.00, True","0.00, 1.00, True","0.00, 1.00, True","0.00, 1.00, True","0.00, 1.00, True","0.00, 1.00, True","0.00, 1.00, True","0.00, 1.00, True","0.00, 1.00, True","0.00, 1.00, True","0.00, 1.00, True","0.00, 1.00, True","0.00, 1.00, True","0.00, 1.00, True","0.00, 1.00, True","0.00, 1.00, True","0.00, 1.00, True","0.00, 1.00, True","0.00, 1.00, True","0.00, 1.00, True","0.00, 1.00, True","0.00, 1.00, True","0.00, 1.00, True","0.00, 0.50, True","0.00, 0.50, True","0.00, 0.50, True","0.00, 0.50, True",A,0.21
template_2,"1.00, 1.00, True","1.00, 1.00, True",None,"0.00, 1.00, None","0.00, 1.00, True","0.00, 1.00, True","0.00, 1.00, True","0.00, 1.00, True","0.00, 1.00, True","0.00, 1.00, True","0.00, 1.00, True","0.00, 1.00, True","0.00, 1.00, True","0.00, 1.00, True","0.00, 1.00, True","0.00, 1.00, True","0.00, 1.00, True","0.00, 1.00, True","0.00, 1.00, True","0.00, 1.00, True","0.00, 1.00, True","0.00, 1.00, True","0.00, 1.00, True","0.00, 1.00, True","0.00, 1.00, True","0.00, 1.00, True","0.00, 1.00, True","0.00, 1.00, True","0.00, 1.00, True","0.00, 1.00, True","0.00, 1.00, True","0.00, 1.00, True","0.00, 1.00, True","0.00, 1.00, True","0.00, 1.00, True","0.00, 1.00, True","0.00, 1.00, True","0.00, 1.00, True","0.00, 1.00, True","0.00, 1.00, True","0.00, 1.00, True","0.00, 1.00, True","0.00, 1.00, True","0.00, 1.00, True","0.00, 1.00, True","0.00, 1.00, True","0.00, 1.00, True","0.00, 1.00, True","0.00, 1.00, True","0.00, 1.00, True","0.00, 1.00, True","0.00, 1.00, True","0.00, 0.50, True","0.00, 0.50, True","0.00, 0.50, True","0.00, 0.50, True",A,0.21
template_3,"1.00, 1.00, True","1.00, 1.00, True","0.00, 1.00, True",None,"0.00, 1.00, True","0.00, 1.00, True","0.00, 1.00, True","0.00, 1.00, True","0.00, 1.00, True","0.00, 1.00, True","0.00, 1.00, True","0.00, 1.00, True","0.00, 1.00, True","0.00, 1.00, True","0.00, 1.00, True","0.00, 1.00, True","0.00, 1.00, True","0.00, 1.00, True","0.00, 1.00, True","0.00, 1.00, True","0.00, 1.00, True","0.00, 1.00, True","0.00, 1.00, True","0.00, 1.00, True","0.00, 1.00, True","0.00, 1.00, True","0.00, 1.00, True","0.00, 1.00, True","0.00, 1.00, True","0.00, 1.00, True","0.00, 1.00, True","0.00, 1.00, True","0.00, 1.00, True","0.00, 1.00, True","0.00, 1.00, True","0.00, 1.00, True","0.00, 1.00, True","0.00, 1.00, True","0.00, 1.00, True","0.00, 1.00, True","0.00, 1.00, True","0.00, 1.00, True","0.00, 1.00, True","0.00, 1.00, True","0.00, 1.00, True","0.00, 1.00, True","0.00, 1.00, True","0.00, 1.00, True","0.00, 1.00, True","0.00, 1.00, True","0.00, 1.00, True","0.00, 1.00, True","0.00, 0.50, True","0.00, 0.50, True","0.00, 0.50, True","0.00, 0.50, True",A,0.21
template_10,"1.00, 1.00, False","0.00, 1.00, False","0.00, 1.00, False","0.00, 1.00, False",None,"0.00, 1.00, None","0.00, 1.00, None","0.00, 1.00, None","0.00, 1.00, None","0.00, 1.00, None","0.00, 1.00, None","0.00, 1.00, None","0.00, 1.00, None","0.00, 1.00, None","0.00, 1.00, None","0.00, 1.00, None","0.00, 1.00, None","0.00, 1.00, None","0.00, 1.00, None","0.00, 1.00, None","0.00, 1.00, None","0.00, 1.00, None","0.00, 1.00, None","0.00, 1.00, None","0.00, 1.00, None","0.00, 1.00, None","0.00, 1.00, None","0.00, 1.00, None","0.00, 1.00, None","0.00, 1.00, None","0.00, 1.00, None","0.00, 1.00, None","0.00, 1.00, None","0.00, 1.00, None","0.00, 1.00, None","0.00, 1.00, None","0.00, 1.00, None","0.00, 1.00, None","0.00, 1.00, None","0.00, 1.00, None","0.00, 1.00, None","0.00, 1.00, None","0.00, 1.00, None","0.00, 1.00, None","0.00, 1.00, None","0.00, 1.00, None","0.00, 1.00, None","0.00, 1.00, None","0.00, 1.00, None","0.00, 1.00, None","0.00, 1.00, None","0.00, 1.00, None","0.00, 1.00, True","0.00, 1.00, True","0.00, 1.00, True","0.00, 1.00, True",A,0.2
template_28,"1.00, 1.00, False","0.00, 1.00, False","0.00, 1.00, False","0.00, 1.00, False","0.00, 1.00, True",None,"0.00, 1.00, None","0.00, 1.00, None","0.00, 1.00, None","0.00, 1.00, None","0.00, 1.00, None","0.00, 1.00, None","0.00, 1.00, None","0.00, 1.00, None","0.00, 1.00, None","0.00, 1.00, None","0.00, 1.00, None","0.00, 1.00, None","0.00, 1.00, None","0.00, 1.00, None","0.00, 1.00, None","0.00, 1.00, None","0.00, 1.00, None","0.00, 1.00, None","0.00, 1.00, None","0.00, 1.00, None","0.00, 1.00, None","0.00, 1.00, None","0.00, 1.00, None","0.00, 1.00, None","0.00, 1.00, None","0.00, 1.00, None","0.00, 1.00, None","0.00, 1.00, None","0.00, 1.00, None","0.00, 1.00, None","0.00, 1.00, None","0.00, 1.00, None","0.00, 1.00, None","0.00, 1.00, None","0.00, 1.00, None","0.00, 1.00, None","0.00, 1.00, None","0.00, 1.00, None","0.00, 1.00, None","0.00, 1.00, None","0.00, 1.00, None","0.00, 1.00, None","0.00, 1.00, None","0.00, 1.00, None","0.00, 1.00, None","0.00, 1.00, None","0.00, 1.00, True","0.00, 1.00, True","0.00, 1.00, True","0.00, 1.00, True",A,0.2
template_41,"1.00, 1.00, False","0.00, 1.00, False","0.00, 1.00, False","0.00, 1.00, False","0.00, 1.00, True","0.00, 1.00, True",None,"0.00, 1.00, None","0.00, 1.00, None","0.00, 1.00, None","0.00, 1.00, None","0.00, 1.00, None","0.00, 1.00, None","0.00, 1.00, None","0.00, 1.00, None","0.00, 1.00, None","0.00, 1.00, None","0.00, 1.00, None","0.00, 1.00, None","0.00, 1.00, None","0.00, 1.00, None","0.00, 1.00, None","0.00, 1.00, None","0.00, 1.00, None","0.00, 1.00, None","0.00, 1.00, None","0.00, 1.00, None","0.00, 1.00, None","0.00, 1.00, None","0.00, 1.00, None","0.00, 1.00, None","0.00, 1.00, None","0.00, 1.00, None","0.00, 1.00, None","0.00, 1.00, None","0.00, 1.00, None","0.00, 1.00, None","0.00, 1.00, None","0.00, 1.00, None","0.00, 1.00, None","0.00, 1.00, None","0.00, 1.00, None","0.00, 1.00, None","0.00, 1.00, None","0.00, 1.00, None","0.00, 1.00, None","0.00, 1.00, None","0.00, 1.00, None","0.00, 1.00, None","0.00, 1.00, None","0.00, 1.00, None","0.00, 1.00, None","0.00, 1.00, True","0.00, 1.00, True","0.00, 1.00, True","0.00, 1.00, True",A,0.2
template_36,"1.00, 1.00, False","0.00, 1.00, False","0.00, 1.00, False","0.00, 1.00, False","0.00, 1.00, True","0.00, 1.00, True","0.00, 1.00, True",None,"0.00, 1.00, None","0.00, 1.00, None","0.00, 1.00, None","0.00, 1.00, None","0.00, 1.00, None","0.00, 1.00, None","0.00, 1.00, None","0.00, 1.00, None","0.00, 1.00, None","0.00, 1.00, None","0.00, 1.00, None","0.00, 1.00, None","0.00, 1.00, None","0.00, 1.00, None","0.00, 1.00, None","0.00, 1.00, None","0.00, 1.00, None","0.00, 1.00, None","0.00, 1.00, None","0.00, 1.00, None","0.00, 1.00, None","0.00, 1.00, None","0.00, 1.00, None","0.00, 1.00, None","0.00, 1.00, None","0.00, 1.00, None","0.00, 1.00, None","0.00, 1.00, None","0.00, 1.00, None","0.00, 1.00, None","0.00, 1.00, None","0.00, 1.00, None","0.00, 1.00, None","0.00, 1.00, None","0.00, 1.00, None","0.00, 1.00, None","0.00, 1.00, None","0.00, 1.00, None","0.00, 1.00, None","0.00, 1.00, None","0.00, 1.00, None","0.00, 1.00, None","0.00, 1.00, None","0.00, 1.00, None","0.00, 1.00, True","0.00, 1.00, True","0.00, 1.00, True","0.00, 1.00, True",A,0.2
template_37,"1.00, 1.00, False","0.00, 1.00, False","0.00, 1.00, False","0.00, 1.00, False","0.00, 1.00, True","0.00, 1.00, True","0.00, 1.00, True","0.00, 1.00, True",None,"0.00, 1.00, None","0.00, 1.00, None","0.00, 1.00, None","0.00, 1.00, None","0.00, 1.00, None","0.00, 1.00, None","0.00, 1.00, None","0.00, 1.00, None","0.00, 1.00, None","0.00, 1.00, None","0.00, 1.00, None","0.00, 1.00, None","0.00, 1.00, None","0.00, 1.00, None","0.00, 1.00, None","0.00, 1.00, None","0.00, 1.00, None","0.00, 1.00, None","0.00, 1.00, None","0.00, 1.00, None","0.00, 1.00, None","0.00, 1.00, None","0.00, 1.00, None","0.00, 1.00, None","0.00, 1.00, None","0.00, 1.00, None","0.00, 1.00, None","0.00, 1.00, None","0.00, 1.00, None","0.00, 1.00, None","0.00, 1.00, None","0.00, 1.00, None","0.00, 1.00, None","0.00, 1.00, None","0.00, 1.00, None","0.00, 1.00, None","0.00, 1.00, None","0.00, 1.00, None","0.00, 1.00, None","0.00, 1.00, None","0.00, 1.00, None","0.00, 1.00, None","0.00, 1.00, None","0.00, 1.00, True","0.00, 1.00, True","0.00, 1.00, True","0.00, 1.00, True",A,0.2
template_32,"1.00, 1.00, False","0.00, 1.00, False","0.00, 1.00, False","0.00, 1.00, False","0.00, 1.00, True","0.00, 1.00, True","0.00, 1.00, True","0.00, 1.00, True","0.00, 1.00, True",None,"0.00, 1.00, None","0.00, 1.00, None","0.00, 1.00, None","0.00, 1.00, None","0.00, 1.00, None","0.00, 1.00, None","0.00, 1.00, None","0.00, 1.00, None","0.00, 1.00, None","0.00, 1.00, None","0.00, 1.00, None","0.00, 1.00, None","0.00, 1.00, None","0.00, 1.00, None","0.00, 1.00, None","0.00, 1.00, None","0.00, 1.00, None","0.00, 1.00, None","0.00, 1.00, None","0.00, 1.00, None","0.00, 1.00, None","0.00, 1.00, None","0.00, 1.00, None","0.00, 1.00, None","0.00, 1.00, None","0.00, 1.00, None","0.00, 1.00, None","0.00, 1.00, None","0.00, 1.00, None","0.00, 1.00, None","0.00, 1.00, None","0.00, 1.00, None","0.00, 1.00, None","0.00, 1.00, None","0.00, 1.00, None","0.00, 1.00, None","0.00, 1.00, None","0.00, 1.00, None","0.00, 1.00, None","0.00, 1.00, None","0.00, 1.00, None","0.00, 1.00, None","0.00, 1.00, True","0.00, 1.00, True","0.00, 1.00, True","0.00, 1.00, True",A,0.2
template_33,"1.00, 1.00, False","0.00, 1.00, False","0.00, 1.00, False","0.00, 1.00, False","0.00, 1.00, True","0.00, 1.00, True","0.00, 1.00, True","0.00, 1.00, True","0.00, 1.00, True","0.00, 1.00, True",None,"0.00, 1.00, None","0.00, 1.00, None","0.00, 1.00, None","0.00, 1.00, None","0.00, 1.00, None","0.00, 1.00, None","0.00, 1.00, None","0.00, 1.00, None","0.00, 1.00, None","0.00, 1.00, None","0.00, 1.00, None","0.00, 1.00, None","0.00, 1.00, None","0.00, 1.00, None","0.00, 1.00, None","0.00, 1.00, None","0.00, 1.00, None","0.00, 1.00, None","0.00, 1.00, None","0.00, 1.00, None","0.00, 1.00, None","0.00, 1.00, None","0.00, 1.00, None","0.00, 1.00, None","0.00, 1.00, None","0.00, 1.00, None","0.00, 1.00, None","0.00, 1.00, None","0.00, 1.00, None","0.00, 1.00, None","0.00, 1.00, None","0.00, 1.00, None","0.00, 1.00, None","0.00, 1.00, None","0.00, 1.00, None","0.00, 1.00, None","0.00, 1.00, None","0.00, 1.00, None","0.00, 1.00, None","0.00, 1.00, None","0.00, 1.00, None","0.00, 1.00, True","0.00, 1.00, True","0.00, 1.00, True","0.00, 1.00, True",A,0.2
template_34,"1.00, 1.00, False","0.00, 1.00, False","0.00, 1.00, False","0.00, 1.00, False","0.00, 1.00, True","0.00, 1.00, True","0.00, 1.00, True","0.00, 1.00, True","0.00, 1.00, True","0.00, 1.00, True","0.00, 1.00, True",None,"0.00, 1.00, None","0.00, 1.00, None","0.00, 1.00, None","0.00, 1.00, None","0.00, 1.00, None","0.00, 1.00, None","0.00, 1.00, None","0.00, 1.00, None","0.00, 1.00, None","0.00, 1.00, None","0.00, 1.00, None","0.00, 1.00, None","0.00, 1.00, None","0.00, 1.00, None","0.00, 1.00, None","0.00, 1.00, None","0.00, 1.00, None","0.00, 1.00, None","0.00, 1.00, None","0.00, 1.00, None","0.00, 1.00, None","0.00, 1.00, None","0.00, 1.00, None","0.00, 1.00, None","0.00, 1.00, None","0.00, 1.00, None","0.00, 1.00, None","0.00, 1.00, None","0.00, 1.00, None","0.00, 1.00, None","0.00, 1.00, None","0.00, 1.00, None","0.00, 1.00, None","0.00, 1.00, None","0.00, 1.00, None","0.00, 1.00, None","0.00, 1.00, None","0.00, 1.00, None","0.00, 1.00, None","0.00, 1.00, None","0.00, 1.00, True","0.00, 1.00, True","0.00, 1.00, True","0.00, 1.00, True",A,0.2
template_35,"1.00, 1.00, False","0.00, 1.00, False","0.00, 1.00, False","0.00, 1.00, False","0.00, 1.00, True","0.00, 1.00, True","0.00, 1.00, True","0.00, 1.00, True","0.00, 1.00, True","0.00, 1.00, True","0.00, 1.00, True","0.00, 1.00, True",None,"0.00, 1.00, None","0.00, 1.00, None","0.00, 1.00, None","0.00, 1.00, None","0.00, 1.00, None","0.00, 1.00, None","0.00, 1.00, None","0.00, 1.00, None","0.00, 1.00, None","0.00, 1.00, None","0.00, 1.00, None","0.00, 1.00, None","0.00, 1.00, None","0.00, 1.00, None","0.00, 1.00, None","0.00, 1.00, None","0.00, 1.00, None","0.00, 1.00, None","0.00, 1.00, None","0.00, 1.00, None","0.00, 1.00, None","0.00, 1.00, None","0.00, 1.00, None","0.00, 1.00, None","0.00, 1.00, None","0.00, 1.00, None","0.00, 1.00, None","0.00, 1.00, None","0.00, 1.00, None","0.00, 1.00, None","0.00, 1.00, None","0.00, 1.00, None","0.00, 1.00, None","0.00, 1.00, None","0.00, 1.00, None","0.00, 1.00, None","0.00, 1.00, None","0.00, 1.00, None","0.00, 1.00, None","0.00, 1.00, True","0.00, 1.00, True","0.00, 1.00, True","0.00, 1.00, True",A,0.2
template_30,"1.00, 1.00, False","0.00, 1.00, False","0.00, 1.00, False","0.00, 1.00, False","0.00, 1.00, True","0.00, 1.00, True","0.00, 1.00, True","0.00, 1.00, True","0.00, 1.00, True","0.00, 1.00, True","0.00, 1.00, True","0.00, 1.00, True","0.00, 1.00, True",None,"0.00, 1.00, None","0.00, 1.00, None","0.00, 1.00, None","0.00, 1.00, None","0.00, 1.00, None","0.00, 1.00, None","0.00, 1.00, None","0.00, 1.00, None","0.00, 1.00, None","0.00, 1.00, None","0.00, 1.00, None","0.00, 1.00, None","0.00, 1.00, None","0.00, 1.00, None","0.00, 1.00, None","0.00, 1.00, None","0.00, 1.00, None","0.00, 1.00, None","0.00, 1.00, None","0.00, 1.00, None","0.00, 1.00, None","0.00, 1.00, None","0.00, 1.00, None","0.00, 1.00, None","0.00, 1.00, None","0.00, 1.00, None","0.00, 1.00, None","0.00, 1.00, None","0.00, 1.00, None","0.00, 1.00, None","0.00, 1.00, None","0.00, 1.00, None","0.00, 1.00, None","0.00, 1.00, None","0.00, 1.00, None","0.00, 1.00, None","0.00, 1.00, None","0.00, 1.00, None","0.00, 1.00, True","0.00, 1.00, True","0.00, 1.00, True","0.00, 1.00, True",A,0.2
template_31,"1.00, 1.00, False","0.00, 1.00, False","0.00, 1.00, False","0.00, 1.00, False","0.00, 1.00, True","0.00, 1.00, True","0.00, 1.00, True","0.00, 1.00, True","0.00, 1.00, True","0.00, 1.00, True","0.00, 1.00, True","0.00, 1.00, True","0.00, 1.00, True","0.00, 1.00, True",None,"0.00, 1.00, None","0.00, 1.00, None","0.00, 1.00, None","0.00, 1.00, None","0.00, 1.00, None","0.00, 1.00, None","0.00, 1.00, None","0.00, 1.00, None","0.00, 1.00, None","0.00, 1.00, None","0.00, 1.00, None","0.00, 1.00, None","0.00, 1.00, None","0.00, 1.00, None","0.00, 1.00, None","0.00, 1.00, None","0.00, 1.00, None","0.00, 1.00, None","0.00, 1.00, None","0.00, 1.00, None","0.00, 1.00, None","0.00, 1.00, None","0.00, 1.00, None","0.00, 1.00, None","0.00, 1.00, None","0.00, 1.00, None","0.00, 1.00, None","0.00, 1.00, None","0.00, 1.00, None","0.00, 1.00, None","0.00, 1.00, None","0.00, 1.00, None","0.00, 1.00, None","0.00, 1.00, None","0.00, 1.00, None","0.00, 1.00, None","0.00, 1.00, None","0.00, 1.00, True","0.00, 1.00, True","0.00, 1.00, True","0.00, 1.00, True",A,0.2
template_29,"1.00, 1.00, False","0.00, 1.00, False","0.00, 1.00, False","0.00, 1.00, False","0.00, 1.00, True","0.00, 1.00, True","0.00, 1.00, True","0.00, 1.00, True","0.00, 1.00, True","0.00, 1.00, True","0.00, 1.00, True","0.00, 1.00, True","0.00, 1.00, True","0.00, 1.00, True","0.00, 1.00, True",None,"0.00, 1.00, None","0.00, 1.00, None","0.00, 1.00, None","0.00, 1.00, None","0.00, 1.00, None","0.00, 1.00, None","0.00, 1.00, None","0.00, 1.00, None","0.00, 1.00, None","0.00, 1.00, None","0.00, 1.00, None","0.00, 1.00, None","0.00, 1.00, None","0.00, 1.00, None","0.00, 1.00, None","0.00, 1.00, None","0.00, 1.00, None","0.00, 1.00, None","0.00, 1.00, None","0.00, 1.00, None","0.00, 1.00, None","0.00, 1.00, None","0.00, 1.00, None","0.00, 1.00, None","0.00, 1.00, None","0.00, 1.00, None","0.00, 1.00, None","0.00, 1.00, None","0.00, 1.00, None","0.00, 1.00, None","0.00, 1.00, None","0.00, 1.00, None","0.00, 1.00, None","0.00, 1.00, None","0.00, 1.00, None","0.00, 1.00, None","0.00, 1.00, True","0.00, 1.00, True","0.00, 1.00, True","0.00, 1.00, True",A,0.2
template_39,"1.00, 1.00, False","0.00, 1.00, False","0.00, 1.00, False","0.00, 1.00, False","0.00, 1.00, True","0.00, 1.00, True","0.00, 1.00, True","0.00, 1.00, True","0.00, 1.00, True","0.00, 1.00, True","0.00, 1.00, True","0.00, 1.00, True","0.00, 1.00, True","0.00, 1.00, True","0.00, 1.00, True","0.00, 1.00, True",None,"0.00, 1.00, None","0.00, 1.00, None","0.00, 1.00, None","0.00, 1.00, None","0.00, 1.00, None","0.00, 1.00, None","0.00, 1.00, None","0.00, 1.00, None","0.00, 1.00, None","0.00, 1.00, None","0.00, 1.00, None","0.00, 1.00, None","0.00, 1.00, None","0.00, 1.00, None","0.00, 1.00, None","0.00, 1.00, None","0.00, 1.00, None","0.00, 1.00, None","0.00, 1.00, None","0.00, 1.00, None","0.00, 1.00, None","0.00, 1.00, None","0.00, 1.00, None","0.00, 1.00, None","0.00, 1.00, None","0.00, 1.00, None","0.00, 1.00, None","0.00, 1.00, None","0.00, 1.00, None","0.00, 1.00, None","0.00, 1.00, None","0.00, 1.00, None","0.00, 1.00, None","0.00, 1.00, None","0.00, 1.00, None","0.00, 1.00, True","0.00, 1.00, True","0.00, 1.00, True","0.00, 1.00, True",A,0.2
template_52,"1.00, 1.00, False","0.00, 1.00, False","0.00, 1.00, False","0.00, 1.00, False","0.00, 1.00, True","0.00, 1.00, True","0.00, 1.00, True","0.00, 1.00, True","0.00, 1.00, True","0.00, 1.00, True","0.00, 1.00, True","0.00, 1.00, True","0.00, 1.00, True","0.00, 1.00, True","0.00, 1.00, True","0.00, 1.00, True","0.00, 1.00, True",None,"0.00, 1.00, None","0.00, 1.00, None","0.00, 1.00, None","0.00, 1.00, None","0.00, 1.00, None","0.00, 1.00, None","0.00, 1.00, None","0.00, 1.00, None","0.00, 1.00, None","0.00, 1.00, None","0.00, 1.00, None","0.00, 1.00, None","0.00, 1.00, None","0.00, 1.00, None","0.00, 1.00, None","0.00, 1.00, None","0.00, 1.00, None","0.00, 1.00, None","0.00, 1.00, None","0.00, 1.00, None","0.00, 1.00, None","0.00, 1.00, None","0.00, 1.00, None","0.00, 1.00, None","0.00, 1.00, None","0.00, 1.00, None","0.00, 1.00, None","0.00, 1.00, None","0.00, 1.00, None","0.00, 1.00, None","0.00, 1.00, None","0.00, 1.00, None","0.00, 1.00, None","0.00, 1.00, None","0.00, 1.00, True","0.00, 1.00, True","0.00, 1.00, True","0.00, 1.00, True",A,0.2
template_53,"1.00, 1.00, False","0.00, 1.00, False","0.00, 1.00, False","0.00, 1.00, False","0.00, 1.00, True","0.00, 1.00, True","0.00, 1.00, True","0.00, 1.00, True","0.00, 1.00, True","0.00, 1.00, True","0.00, 1.00, True","0.00, 1.00, True","0.00, 1.00, True","0.00, 1.00, True","0.00, 1.00, True","0.00, 1.00, True","0.00, 1.00, True","0.00, 1.00, True",None,"0.00, 1.00, None","0.00, 1.00, None","0.00, 1.00, None","0.00, 1.00, None","0.00, 1.00, None","0.00, 1.00, None","0.00, 1.00, None","0.00, 1.00, None","0.00, 1.00, None","0.00, 1.00, None","0.00, 1.00, None","0.00, 1.00, None","0.00, 1.00, None","0.00, 1.00, None","0.00, 1.00, None","0.00, 1.00, None","0.00, 1.00, None","0.00, 1.00, None","0.00, 1.00, None","0.00, 1.00, None","0.00, 1.00, None","0.00, 1.00, None","0.00, 1.00, None","0.00, 1.00, None","0.00, 1.00, None","0.00, 1.00, None","0.00, 1.00, None","0.00, 1.00, None","0.00, 1.00, None","0.00, 1.00, None","0.00, 1.00, None","0.00, 1.00, None","0.00, 1.00, None","0.00, 1.00, True","0.00, 1.00, True","0.00, 1.00, True","0.00, 1.00, True",A,0.2
template_54,"1.00, 1.00, False","0.00, 1.00, False","0.00, 1.00, False","0.00, 1.00, False","0.00, 1.00, True","0.00, 1.00, True","0.00, 1.00, True","0.00, 1.00, True","0.00, 1.00, True","0.00, 1.00, True","0.00, 1.00, True","0.00, 1.00, True","0.00, 1.00, True","0.00, 1.00, True","0.00, 1.00, True","0.00, 1.00, True","0.00, 1.00, True","0.00, 1.00, True","0.00, 1.00, True",None,"0.00, 1.00, None","0.00, 1.00, None","0.00, 1.00, None","0.00, 1.00, None","0.00, 1.00, None","0.00, 1.00, None","0.00, 1.00, None","0.00, 1.00, None","0.00, 1.00, None","0.00, 1.00, None","0.00, 1.00, None","0.00, 1.00, None","0.00, 1.00, None","0.00, 1.00, None","0.00, 1.00, None","0.00, 1.00, None","0.00, 1.00, None","0.00, 1.00, None","0.00, 1.00, None","0.00, 1.00, None","0.00, 1.00, None","0.00, 1.00, None","0.00, 1.00, None","0.00, 1.00, None","0.00, 1.00, None","0.00, 1.00, None","0.00, 1.00, None","0.00, 1.00, None","0.00, 1.00, None","0.00, 1.00, None","0.00, 1.00, None","0.00, 1.00, None","0.00, 1.00, True","0.00, 1.00, True","0.00, 1.00, True","0.00, 1.00, True",A,0.2
template_55,"1.00, 1.00, False","0.00, 1.00, False","0.00, 1.00, False","0.00, 1.00, False","0.00, 1.00, True","0.00, 1.00, True","0.00, 1.00, True","0.00, 1.00, True","0.00, 1.00, True","0.00, 1.00, True","0.00, 1.00, True","0.00, 1.00, True","0.00, 1.00, True","0.00, 1.00, True","0.00, 1.00, True","0.00, 1.00, True","0.00, 1.00, True","0.00, 1.00, True","0.00, 1.00, True","0.00, 1.00, True",None,"0.00, 1.00, None","0.00, 1.00, None","0.00, 1.00, None","0.00, 1.00, None","0.00, 1.00, None","0.00, 1.00, None","0.00, 1.00, None","0.00, 1.00, None","0.00, 1.00, None","0.00, 1.00, None","0.00, 1.00, None","0.00, 1.00, None","0.00, 1.00, None","0.00, 1.00, None","0.00, 1.00, None","0.00, 1.00, None","0.00, 1.00, None","0.00, 1.00, None","0.00, 1.00, None","0.00, 1.00, None","0.00, 1.00, None","0.00, 1.00, None","0.00, 1.00, None","0.00, 1.00, None","0.00, 1.00, None","0.00, 1.00, None","0.00, 1.00, None","0.00, 1.00, None","0.00, 1.00, None","0.00, 1.00, None","0.00, 1.00, None","0.00, 1.00, True","0.00, 1.00, True","0.00, 1.00, True","0.00, 1.00, True",A,0.2
template_46,"1.00, 1.00, False","0.00, 1.00, False","0.00, 1.00, False","0.00, 1.00, False","0.00, 1.00, True","0.00, 1.00, True","0.00, 1.00, True","0.00, 1.00, True","0.00, 1.00, True","0.00, 1.00, True","0.00, 1.00, True","0.00, 1.00, True","0.00, 1.00, True","0.00, 1.00, True","0.00, 1.00, True","0.00, 1.00, True","0.00, 1.00, True","0.00, 1.00, True","0.00, 1.00, True","0.00, 1.00, True","0.00, 1.00, True",None,"0.00, 1.00, None","0.00, 1.00, None","0.00, 1.00, None","0.00, 1.00, None","0.00, 1.00, None","0.00, 1.00, None","0.00, 1.00, None","0.00, 1.00, None","0.00, 1.00, None","0.00, 1.00, None","0.00, 1.00, None","0.00, 1.00, None","0.00, 1.00, None","0.00, 1.00, None","0.00, 1.00, None","0.00, 1.00, None","0.00, 1.00, None","0.00, 1.00, None","0.00, 1.00, None","0.00, 1.00, None","0.00, 1.00, None","0.00, 1.00, None","0.00, 1.00, None","0.00, 1.00, None","0.00, 1.00, None","0.00, 1.00, None","0.00, 1.00, None","0.00, 1.00, None","0.00, 1.00, None","0.00, 1.00, None","0.00, 1.00, True","0.00, 1.00, True","0.00, 1.00, True","0.00, 1.00, True",A,0.2
template_47,"1.00, 1.00, False","0.00, 1.00, False","0.00, 1.00, False","0.00, 1.00, False","0.00, 1.00, True","0.00, 1.00, True","0.00, 1.00, True","0.00, 1.00, True","0.00, 1.00, True","0.00, 1.00, True","0.00, 1.00, True","0.00, 1.00, True","0.00, 1.00, True","0.00, 1.00, True","0.00, 1.00, True","0.00, 1.00, True","0.00, 1.00, True","0.00, 1.00, True","0.00, 1.00, True","0.00, 1.00, True","0.00, 1.00, True","0.00, 1.00, True",None,"0.00, 1.00, None","0.00, 1.00, None","0.00, 1.00, None","0.00, 1.00, None","0.00, 1.00, None","0.00, 1.00, None","0.00, 1.00, None","0.00, 1.00, None","0.00, 1.00, None","0.00, 1.00, None","0.00, 1.00, None","0.00, 1.00, None","0.00, 1.00, None","0.00, 1.00, None","0.00, 1.00, None","0.00, 1.00, None","0.00, 1.00, None","0.00, 1.00, None","0.00, 1.00, None","0.00, 1.00, None","0.00, 1.00, None","0.00, 1.00, None","0.00, 1.00, None","0.00, 1.00, None","0.00, 1.00, None","0.00, 1.00, None","0.00, 1.00, None","0.00, 1.00, None","0.00, 1.00, None","0.00, 1.00, True","0.00, 1.00, True","0.00, 1.00, True","0.00, 1.00, True",A,0.2
template_48,"1.00, 1.00, False","0.00, 1.00, False","0.00, 1.00, False","0.00, 1.00, False","0.00, 1.00, True","0.00, 1.00, True","0.00, 1.00, True","0.00, 1.00, True","0.00, 1.00, True","0.00, 1.00, True","0.00, 1.00, True","0.00, 1.00, True","0.00, 1.00, True","0.00, 1.00, True","0.00, 1.00, True","0.00, 1.00, True","0.00, 1.00, True","0.00, 1.00, True","0.00, 1.00, True","0.00, 1.00, True","0.00, 1.00, True","0.00, 1.00, True","0.00, 1.00, True",None,"0.00, 1.00, None","0.00, 1.00, None","0.00, 1.00, None","0.00, 1.00, None","0.00, 1.00, None","0.00, 1.00, None","0.00, 1.00, None","0.00, 1.00, None","0.00, 1.00, None","0.00, 1.00, None","0.00, 1.00, None","0.00, 1.00, None","0.00, 1.00, None","0.00, 1.00, None","0.00, 1.00, None","0.00, 1.00, None","0.00, 1.00, None","0.00, 1.00, None","0.00, 1.00, None","0.00, 1.00, None","0.00, 1.00, None","0.00, 1.00, None","0.00, 1.00, None","0.00, 1.00, None","0.00, 1.00, None","0.00, 1.00, None","0.00, 1.00, None","0.00, 1.00, None","0.00, 1.00, True","0.00, 1.00, True","0.00, 1.00, True","0.00, 1.00, True",A,0.2
template_44,"1.00, 1.00, False","0.00, 1.00, False","0.00, 1.00, False","0.00, 1.00, False","0.00, 1.00, True","0.00, 1.00, True","0.00, 1.00, True","0.00, 1.00, True","0.00, 1.00, True","0.00, 1.00, True","0.00, 1.00, True","0.00, 1.00, True","0.00, 1.00, True","0.00, 1.00, True","0.00, 1.00, True","0.00, 1.00, True","0.00, 1.00, True","0.00, 1.00, True","0.00, 1.00, True","0.00, 1.00, True","0.00, 1.00, True","0.00, 1.00, True","0.00, 1.00, True","0.00, 1.00, True",None,"0.00, 1.00, None","0.00, 1.00, None","0.00, 1.00, None","0.00, 1.00, None","0.00, 1.00, None","0.00, 1.00, None","0.00, 1.00, None","0.00, 1.00, None","0.00, 1.00, None","0.00, 1.00, None","0.00, 1.00, None","0.00, 1.00, None","0.00, 1.00, None","0.00, 1.00, None","0.00, 1.00, None","0.00, 1.00, None","0.00, 1.00, None","0.00, 1.00, None","0.00, 1.00, None","0.00, 1.00, None","0.00, 1.00, None","0.00, 1.00, None","0.00, 1.00, None","0.00, 1.00, None","0.00, 1.00, None","0.00, 1.00, None","0.00, 1.00, None","0.00, 1.00, True","0.00, 1.00, True","0.00, 1.00, True","0.00, 1.00, True",A,0.2
template_45,"1.00, 1.00, False","0.00, 1.00, False","0.00, 1.00, False","0.00, 1.00, False","0.00, 1.00, True","0.00, 1.00, True","0.00, 1.00, True","0.00, 1.00, True","0.00, 1.00, True","0.00, 1.00, True","0.00, 1.00, True","0.00, 1.00, True","0.00, 1.00, True","0.00, 1.00, True","0.00, 1.00, True","0.00, 1.00, True","0.00, 1.00, True","0.00, 1.00, True","0.00, 1.00, True","0.00, 1.00, True","0.00, 1.00, True","0.00, 1.00, True","0.00, 1.00, True","0.00, 1.00, True","0.00, 1.00, True",None,"0.00, 1.00, None","0.00, 1.00, None","0.00, 1.00, None","0.00, 1.00, None","0.00, 1.00, None","0.00, 1.00, None","0.00, 1.00, None","0.00, 1.00, None","0.00, 1.00, None","0.00, 1.00, None","0.00, 1.00, None","0.00, 1.00, None","0.00, 1.00, None","0.00, 1.00, None","0.00, 1.00, None","0.00, 1.00, None","0.00, 1.00, None","0.00, 1.00, None","0.00, 1.00, None","0.00, 1.00, None","0.00, 1.00, None","0.00, 1.00, None","0.00, 1.00, None","0.00, 1.00, None","0.00, 1.00, None","0.00, 1.00, None","0.00, 1.00, True","0.00, 1.00, True","0.00, 1.00, True","0.00, 1.00, True",A,0.2
template_42,"1.00, 1.00, False","0.00, 1.00, False","0.00, 1.00, False","0.00, 1.00, False","0.00, 1.00, True","0.00, 1.00, True","0.00, 1.00, True","0.00, 1.00, True","0.00, 1.00, True","0.00, 1.00, True","0.00, 1.00, True","0.00, 1.00, True","0.00, 1.00, True","0.00, 1.00, True","0.00, 1.00, True","0.00, 1.00, True","0.00, 1.00, True","0.00, 1.00, True","0.00, 1.00, True","0.00, 1.00, True","0.00, 1.00, True","0.00, 1.00, True","0.00, 1.00, True","0.00, 1.00, True","0.00, 1.00, True","0.00, 1.00, True",None,"0.00, 1.00, None","0.00, 1.00, None","0.00, 1.00, None","0.00, 1.00, None","0.00, 1.00, None","0.00, 1.00, None","0.00, 1.00, None","0.00, 1.00, None","0.00, 1.00, None","0.00, 1.00, None","0.00, 1.00, None","0.00, 1.00, None","0.00, 1.00, None","0.00, 1.00, None","0.00, 1.00, None","0.00, 1.00, None","0.00, 1.00, None","0.00, 1.00, None","0.00, 1.00, None","0.00, 1.00, None","0.00, 1.00, None","0.00, 1.00, None","0.00, 1.00, None","0.00, 1.00, None","0.00, 1.00, None","0.00, 1.00, True","0.00, 1.00, True","0.00, 1.00, True","0.00, 1.00, True",A,0.2
template_40,"1.00, 1.00, False","0.00, 1.00, False","0.00, 1.00, False","0.00, 1.00, False","0.00, 1.00, True","0.00, 1.00, True","0.00, 1.00, True","0.00, 1.00, True","0.00, 1.00, True","0.00, 1.00, True","0.00, 1.00, True","0.00, 1.00, True","0.00, 1.00, True","0.00, 1.00, True","0.00, 1.00, True","0.00, 1.00, True","0.00, 1.00, True","0.00, 1.00, True","0.00, 1.00, True","0.00, 1.00, True","0.00, 1.00, True","0.00, 1.00, True","0.00, 1.00, True","0.00, 1.00, True","0.00, 1.00, True","0.00, 1.00, True","0.00, 1.00, True",None,"0.00, 1.00, None","0.00, 1.00, None","0.00, 1.00, None","0.00, 1.00, None","0.00, 1.00, None","0.00, 1.00, None","0.00, 1.00, None","0.00, 1.00, None","0.00, 1.00, None","0.00, 1.00, None","0.00, 1.00, None","0.00, 1.00, None","0.00, 1.00, None","0.00, 1.00, None","0.00, 1.00, None","0.00, 1.00, None","0.00, 1.00, None","0.00, 1.00, None","0.00, 1.00, None","0.00, 1.00, None","0.00, 1.00, None","0.00, 1.00, None","0.00, 1.00, None","0.00, 1.00, None","0.00, 1.00, True","0.00, 1.00, True","0.00, 1.00, True","0.00, 1.00, True",A,0.2
template_38,"1.00, 1.00, False","0.00, 1.00, False","0.00, 1.00, False","0.00, 1.00, False","0.00, 1.00, True","0.00, 1.00, True","0.00, 1.00, True","0.00, 1.00, True","0.00, 1.00, True","0.00, 1.00, True","0.00, 1.00, True","0.00, 1.00, True","0.00, 1.00, True","0.00, 1.00, True","0.00, 1.00, True","0.00, 1.00, True","0.00, 1.00, True","0.00, 1.00, True","0.00, 1.00, True","0.00, 1.00, True","0.00, 1.00, True","0.00, 1.00, True","0.00, 1.00, True","0.00, 1.00, True","0.00, 1.00, True","0.00, 1.00, True","0.00, 1.00, True","0.00, 1.00, True",None,"0.00, 1.00, None","0.00, 1.00, None","0.00, 1.00, None","0.00, 1.00, None","0.00, 1.00, None","0.00, 1.00, None","0.00, 1.00, None","0.00, 1.00, None","0.00, 1.00, None","0.00, 1.00, None","0.00, 1.00, None","0.00, 1.00, None","0.00, 1.00, None","0.00, 1.00, None","0.00, 1.00, None","0.00, 1.00, None","0.00, 1.00, None","0.00, 1.00, None","0.00, 1.00, None","0.00, 1.00, None","0.00, 1.00, None","0.00, 1.00, None","0.00, 1.00, None","0.00, 1.00, True","0.00, 1.00, True","0.00, 1.00, True","0.00, 1.00, True",A,0.2
template_11,"1.00, 1.00, False","0.00, 1.00, False","0.00, 1.00, False","0.00, 1.00, False","0.00, 1.00, True","0.00, 1.00, True","0.00, 1.00, True","0.00, 1.00, True","0.00, 1.00, True","0.00, 1.00, True","0.00, 1.00, True","0.00, 1.00, True","0.00, 1.00, True","0.00, 1.00, True","0.00, 1.00, True","0.00, 1.00, True","0.00, 1.00, True","0.00, 1.00, True","0.00, 1.00, True","0.00, 1.00, True","0.00, 1.00, True","0.00, 1.00, True","0.00, 1.00, True","0.00, 1.00, True","0.00, 1.00, True","0.00, 1.00, True","0.00, 1.00, True","0.00, 1.00, True","0.00, 1.00, True",None,"0.00, 1.00, None","0.00, 1.00, None","0.00, 1.00, None","0.00, 1.00, None","0.00, 1.00, None","0.00, 1.00, None","0.00, 1.00, None","0.00, 1.00, None","0.00, 1.00, None","0.00, 1.00, None","0.00, 1.00, None","0.00, 1.00, None","0.00, 1.00, None","0.00, 1.00, None","0.00, 1.00, None","0.00, 1.00, None","0.00, 1.00, None","0.00, 1.00, None","0.00, 1.00, None","0.00, 1.00, None","0.00, 1.00, None","0.00, 1.00, None","0.00, 1.00, True","0.00, 1.00, True","0.00, 1.00, True","0.00, 1.00, True",A,0.2
template_24,"1.00, 1.00, False","0.00, 1.00, False","0.00, 1.00, False","0.00, 1.00, False","0.00, 1.00, True","0.00, 1.00, True","0.00, 1.00, True","0.00, 1.00, True","0.00, 1.00, True","0.00, 1.00, True","0.00, 1.00, True","0.00, 1.00, True","0.00, 1.00, True","0.00, 1.00, True","0.00, 1.00, True","0.00, 1.00, True","0.00, 1.00, True","0.00, 1.00, True","0.00, 1.00, True","0.00, 1.00, True","0.00, 1.00, True","0.00, 1.00, True","0.00, 1.00, True","0.00, 1.00, True","0.00, 1.00, True","0.00, 1.00, True","0.00, 1.00, True","0.00, 1.00, True","0.00, 1.00, True","0.00, 1.00, True",None,"0.00, 1.00, None","0.00, 1.00, None","0.00, 1.00, None","0.00, 1.00, None","0.00, 1.00, None","0.00, 1.00, None","0.00, 1.00, None","0.00, 1.00, None","0.00, 1.00, None","0.00, 1.00, None","0.00, 1.00, None","0.00, 1.00, None","0.00, 1.00, None","0.00, 1.00, None","0.00, 1.00, None","0.00, 1.00, None","0.00, 1.00, None","0.00, 1.00, None","0.00, 1.00, None","0.00, 1.00, None","0.00, 1.00, None","0.00, 1.00, True","0.00, 1.00, True","0.00, 1.00, True","0.00, 1.00, True",A,0.2
template_12,"1.00, 1.00, False","0.00, 1.00, False","0.00, 1.00, False","0.00, 1.00, False","0.00, 1.00, True","0.00, 1.00, True","0.00, 1.00, True","0.00, 1.00, True","0.00, 1.00, True","0.00, 1.00, True","0.00, 1.00, True","0.00, 1.00, True","0.00, 1.00, True","0.00, 1.00, True","0.00, 1.00, True","0.00, 1.00, True","0.00, 1.00, True","0.00, 1.00, True","0.00, 1.00, True","0.00, 1.00, True","0.00, 1.00, True","0.00, 1.00, True","0.00, 1.00, True","0.00, 1.00, True","0.00, 1.00, True","0.00, 1.00, True","0.00, 1.00, True","0.00, 1.00, True","0.00, 1.00, True","0.00, 1.00, True","0.00, 1.00, True",None,"0.00, 1.00, None","0.00, 1.00, None","0.00, 1.00, None","0.00, 1.00, None","0.00, 1.00, None","0.00, 1.00, None","0.00, 1.00, None","0.00, 1.00, None","0.00, 1.00, None","0.00, 1.00, None","0.00, 1.00, None","0.00, 1.00, None","0.00, 1.00, None","0.00, 1.00, None","0.00, 1.00, None","0.00, 1.00, None","0.00, 1.00, None","0.00, 1.00, None","0.00, 1.00, None","0.00, 1.00, None","0.00, 1.00, True","0.00, 1.00, True","0.00, 1.00, True","0.00, 1.00, True",A,0.2
template_13,"1.00, 1.00, False","0.00, 1.00, False","0.00, 1.00, False","0.00, 1.00, False","0.00, 1.00, True","0.00, 1.00, True","0.00, 1.00, True","0.00, 1.00, True","0.00, 1.00, True","0.00, 1.00, True","0.00, 1.00, True","0.00, 1.00, True","0.00, 1.00, True","0.00, 1.00, True","0.00, 1.00, True","0.00, 1.00, True","0.00, 1.00, True","0.00, 1.00, True","0.00, 1.00, True","0.00, 1.00, True","0.00, 1.00, True","0.00, 1.00, True","0.00, 1.00, True","0.00, 1.00, True","0.00, 1.00, True","0.00, 1.00, True","0.00, 1.00, True","0.00, 1.00, True","0.00, 1.00, True","0.00, 1.00, True","0.00, 1.00, True","0.00, 1.00, True",None,"0.00, 1.00, None","0.00, 1.00, None","0.00, 1.00, None","0.00, 1.00, None","0.00, 1.00, None","0.00, 1.00, None","0.00, 1.00, None","0.00, 1.00, None","0.00, 1.00, None","0.00, 1.00, None","0.00, 1.00, None","0.00, 1.00, None","0.00, 1.00, None","0.00, 1.00, None","0.00, 1.00, None","0.00, 1.00, None","0.00, 1.00, None","0.00, 1.00, None","0.00, 1.00, None","0.00, 1.00, True","0.00, 1.00, True","0.00, 1.00, True","0.00, 1.00, True",A,0.2
template_8,"1.00, 1.00, False","0.00, 1.00, False","0.00, 1.00, False","0.00, 1.00, False","0.00, 1.00, True","0.00, 1.00, True","0.00, 1.00, True","0.00, 1.00, True","0.00, 1.00, True","0.00, 1.00, True","0.00, 1.00, True","0.00, 1.00, True","0.00, 1.00, True","0.00, 1.00, True","0.00, 1.00, True","0.00, 1.00, True","0.00, 1.00, True","0.00, 1.00, True","0.00, 1.00, True","0.00, 1.00, True","0.00, 1.00, True","0.00, 1.00, True","0.00, 1.00, True","0.00, 1.00, True","0.00, 1.00, True","0.00, 1.00, True","0.00, 1.00, True","0.00, 1.00, True","0.00, 1.00, True","0.00, 1.00, True","0.00, 1.00, True","0.00, 1.00, True","0.00, 1.00, True",None,"0.00, 1.00, None","0.00, 1.00, None","0.00, 1.00, None","0.00, 1.00, None","0.00, 1.00, None","0.00, 1.00, None","0.00, 1.00, None","0.00, 1.00, None","0.00, 1.00, None","0.00, 1.00, None","0.00, 1.00, None","0.00, 1.00, None","0.00, 1.00, None","0.00, 1.00, None","0.00, 1.00, None","0.00, 1.00, None","0.00, 1.00, None","0.00, 1.00, None","0.00, 1.00, True","0.00, 1.00, True","0.00, 1.00, True","0.00, 1.00, True",A,0.2
template_9,"1.00, 1.00, False","0.00, 1.00, False","0.00, 1.00, False","0.00, 1.00, False","0.00, 1.00, True","0.00, 1.00, True","0.00, 1.00, True","0.00, 1.00, True","0.00, 1.00, True","0.00, 1.00, True","0.00, 1.00, True","0.00, 1.00, True","0.00, 1.00, True","0.00, 1.00, True","0.00, 1.00, True","0.00, 1.00, True","0.00, 1.00, True","0.00, 1.00, True","0.00, 1.00, True","0.00, 1.00, True","0.00, 1.00, True","0.00, 1.00, True","0.00, 1.00, True","0.00, 1.00, True","0.00, 1.00, True","0.00, 1.00, True","0.00, 1.00, True","0.00, 1.00, True","0.00, 1.00, True","0.00, 1.00, True","0.00, 1.00, True","0.00, 1.00, True","0.00, 1.00, True","0.00, 1.00, True",None,"0.00, 1.00, None","0.00, 1.00, None","0.00, 1.00, None","0.00, 1.00, None","0.00, 1.00, None","0.00, 1.00, None","0.00, 1.00, None","0.00, 1.00, None","0.00, 1.00, None","0.00, 1.00, None","0.00, 1.00, None","0.00, 1.00, None","0.00, 1.00, None","0.00, 1.00, None","0.00, 1.00, None","0.00, 1.00, None","0.00, 1.00, None","0.00, 1.00, True","0.00, 1.00, True","0.00, 1.00, True","0.00, 1.00, True",A,0.2
template_4,"1.00, 1.00, False","0.00, 1.00, False","0.00, 1.00, False","0.00, 1.00, False","0.00, 1.00, True","0.00, 1.00, True","0.00, 1.00, True","0.00, 1.00, True","0.00, 1.00, True","0.00, 1.00, True","0.00, 1.00, True","0.00, 1.00, True","0.00, 1.00, True","0.00, 1.00, True","0.00, 1.00, True","0.00, 1.00, True","0.00, 1.00, True","0.00, 1.00, True","0.00, 1.00, True","0.00, 1.00, True","0.00, 1.00, True","0.00, 1.00, True","0.00, 1.00, True","0.00, 1.00, True","0.00, 1.00, True","0.00, 1.00, True","0.00, 1.00, True","0.00, 1.00, True","0.00, 1.00, True","0.00, 1.00, True","0.00, 1.00, True","0.00, 1.00, True","0.00, 1.00, True","0.00, 1.00, True","0.00, 1.00, True",None,"0.00, 1.00, None","0.00, 1.00, None","0.00, 1.00, None","0.00, 1.00, None","0.00, 1.00, None","0.00, 1.00, None","0.00, 1.00, None","0.00, 1.00, None","0.00, 1.00, None","0.00, 1.00, None","0.00, 1.00, None","0.00, 1.00, None","0.00, 1.00, None","0.00, 1.00, None","0.00, 1.00, None","0.00, 1.00, None","0.00, 1.00, True","0.00, 1.00, True","0.00, 1.00, True","0.00, 1.00, True",A,0.2
template_5,"1.00, 1.00, False","0.00, 1.00, False","0.00, 1.00, False","0.00, 1.00, False","0.00, 1.00, True","0.00, 1.00, True","0.00, 1.00, True","0.00, 1.00, True","0.00, 1.00, True","0.00, 1.00, True","0.00, 1.00, True","0.00, 1.00, True","0.00, 1.00, True","0.00, 1.00, True","0.00, 1.00, True","0.00, 1.00, True","0.00, 1.00, True","0.00, 1.00, True","0.00, 1.00, True","0.00, 1.00, True","0.00, 1.00, True","0.00, 1.00, True","0.00, 1.00, True","0.00, 1.00, True","0.00, 1.00, True","0.00, 1.00, True","0.00, 1.00, True","0.00, 1.00, True","0.00, 1.00, True","0.00, 1.00, True","0.00, 1.00, True","0.00, 1.00, True","0.00, 1.00, True","0.00, 1.00, True","0.00, 1.00, True","0.00, 1.00, True",None,"0.00, 1.00, None","0.00, 1.00, None","0.00, 1.00, None","0.00, 1.00, None","0.00, 1.00, None","0.00, 1.00, None","0.00, 1.00, None","0.00, 1.00, None","0.00, 1.00, None","0.00, 1.00, None","0.00, 1.00, None","0.00, 1.00, None","0.00, 1.00, None","0.00, 1.00, None","0.00, 1.00, None","0.00, 1.00, True","0.00, 1.00, True","0.00, 1.00, True","0.00, 1.00, True",A,0.2
template_6,"1.00, 1.00, False","0.00, 1.00, False","0.00, 1.00, False","0.00, 1.00, False","0.00, 1.00, True","0.00, 1.00, True","0.00, 1.00, True","0.00, 1.00, True","0.00, 1.00, True","0.00, 1.00, True","0.00, 1.00, True","0.00, 1.00, True","0.00, 1.00, True","0.00, 1.00, True","0.00, 1.00, True","0.00, 1.00, True","0.00, 1.00, True","0.00, 1.00, True","0.00, 1.00, True","0.00, 1.00, True","0.00, 1.00, True","0.00, 1.00, True","0.00, 1.00, True","0.00, 1.00, True","0.00, 1.00, True","0.00, 1.00, True","0.00, 1.00, True","0.00, 1.00, True","0.00, 1.00, True","0.00, 1.00, True","0.00, 1.00, True","0.00, 1.00, True","0.00, 1.00, True","0.00, 1.00, True","0.00, 1.00, True","0.00, 1.00, True","0.00, 1.00, True",None,"0.00, 1.00, None","0.00, 1.00, None","0.00, 1.00, None","0.00, 1.00, None","0.00, 1.00, None","0.00, 1.00, None","0.00, 1.00, None","0.00, 1.00, None","0.00, 1.00, None","0.00, 1.00, None","0.00, 1.00, None","0.00, 1.00, None","0.00, 1.00, None","0.00, 1.00, None","0.00, 1.00, True","0.00, 1.00, True","0.00, 1.00, True","0.00, 1.00, True",A,0.2
template_7,"1.00, 1.00, False","0.00, 1.00, False","0.00, 1.00, False","0.00, 1.00, False","0.00, 1.00, True","0.00, 1.00, True","0.00, 1.00, True","0.00, 1.00, True","0.00, 1.00, True","0.00, 1.00, True","0.00, 1.00, True","0.00, 1.00, True","0.00, 1.00, True","0.00, 1.00, True","0.00, 1.00, True","0.00, 1.00, True","0.00, 1.00, True","0.00, 1.00, True","0.00, 1.00, True","0.00, 1.00, True","0.00, 1.00, True","0.00, 1.00, True","0.00, 1.00, True","0.00, 1.00, True","0.00, 1.00, True","0.00, 1.00, True","0.00, 1.00, True","0.00, 1.00, True","0.00, 1.00, True","0.00, 1.00, True","0.00, 1.00, True","0.00, 1.00, True","0.00, 1.00, True","0.00, 1.00, True","0.00, 1.00, True","0.00, 1.00, True","0.00, 1.00, True","0.00, 1.00, True",None,"0.00, 1.00, None","0.00, 1.00, None","0.00, 1.00, None","0.00, 1.00, None","0.00, 1.00, None","0.00, 1.00, None","0.00, 1.00, None","0.00, 1.00, None","0.00, 1.00, None","0.00, 1.00, None","0.00, 1.00, None","0.00, 1.00, None","0.00, 1.00, None","0.00, 1.00, True","0.00, 1.00, True","0.00, 1.00, True","0.00, 1.00, True",A,0.2
template_0,"1.00, 1.00, False","0.00, 1.00, False","0.00, 1.00, False","0.00, 1.00, False","0.00, 1.00, True","0.00, 1.00, True","0.00, 1.00, True","0.00, 1.00, True","0.00, 1.00, True","0.00, 1.00, True","0.00, 1.00, True","0.00, 1.00, True","0.00, 1.00, True","0.00, 1.00, True","0.00, 1.00, True","0.00, 1.00, True","0.00, 1.00, True","0.00, 1.00, True","0.00, 1.00, True","0.00, 1.00, True","0.00, 1.00, True","0.00, 1.00, True","0.00, 1.00, True","0.00, 1.00, True","0.00, 1.00, True","0.00, 1.00, True","0.00, 1.00, True","0.00, 1.00, True","0.00, 1.00, True","0.00, 1.00, True","0.00, 1.00, True","0.00, 1.00, True","0.00, 1.00, True","0.00, 1.00, True","0.00, 1.00, True","0.00, 1.00, True","0.00, 1.00, True","0.00, 1.00, True","0.00, 1.00, True",None,"0.00, 1.00, None","0.00, 1.00, None","0.00, 1.00, None","0.00, 1.00, None","0.00, 1.00, None","0.00, 1.00, None","0.00, 1.00, None","0.00, 1.00, None","0.00, 1.00, None","0.00, 1.00, None","0.00, 1.00, None","0.00, 1.00, None","0.00, 1.00, True","0.00, 1.00, True","0.00, 1.00, True","0.00, 1.00, True",A,0.2
template_15,"1.00, 1.00, False","0.00, 1.00, False","0.00, 1.00, False","0.00, 1.00, False","0.00, 1.00, True","0.00, 1.00, True","0.00, 1.00, True","0.00, 1.00, True","0.00, 1.00, True","0.00, 1.00, True","0.00, 1.00, True","0.00, 1.00, True","0.00, 1.00, True","0.00, 1.00, True","0.00, 1.00, True","0.00, 1.00, True","0.00, 1.00, True","0.00, 1.00, True","0.00, 1.00, True","0.00, 1.00, True","0.00, 1.00, True","0.00, 1.00, True","0.00, 1.00, True","0.00, 1.00, True","0.00, 1.00, True","0.00, 1.00, True","0.00, 1.00, True","0.00, 1.00, True","0.00, 1.00, True","0.00, 1.00, True","0.00, 1.00, True","0.00, 1.00, True","0.00, 1.00, True","0.00, 1.00, True","0.00, 1.00, True","0.00, 1.00, True","0.00, 1.00, True","0.00, 1.00, True","0.00, 1.00, True","0.00, 1.00, True",None,"0.00, 1.00, None","0.00, 1.00, None","0.00, 1.00, None","0.00, 1.00, None","0.00, 1.00, None","0.00, 1.00, None","0.00, 1.00, None","0.00, 1.00, None","0.00, 1.00, None","0.00, 1.00, None","0.00, 1.00, None","0.00, 1.00, True","0.00, 1.00, True","0.00, 1.00, True","0.00, 1.00, True",A,0.2
template_1,"1.00, 1.00, False","0.00, 1.00, False","0.00, 1.00, False","0.00, 1.00, False","0.00, 1.00, True","0.00, 1.00, True","0.00, 1.00, True","0.00, 1.00, True","0.00, 1.00, True","0.00, 1.00, True","0.00, 1.00, True","0.00, 1.00, True","0.00, 1.00, True","0.00, 1.00, True","0.00, 1.00, True","0.00, 1.00, True","0.00, 1.00, True","0.00, 1.00, True","0.00, 1.00, True","0.00, 1.00, True","0.00, 1.00, True","0.00, 1.00, True","0.00, 1.00, True","0.00, 1.00, True","0.00, 1.00, True","0.00, 1.00, True","0.00, 1.00, True","0.00, 1.00, True","0.00, 1.00, True","0.00, 1.00, True","0.00, 1.00, True","0.00, 1.00, True","0.00, 1.00, True","0.00, 1.00, True","0.00, 1.00, True","0.00, 1.00, True","0.00, 1.00, True","0.00, 1.00, True","0.00, 1.00, True","0.00, 1.00, True","0.00, 1.00, True",None,"0.00, 1.00, None","0.00, 1.00, None","0.00, 1.00, None","0.00, 1.00, None","0.00, 1.00, None","0.00, 1.00, None","0.00, 1.00, None","0.00, 1.00, None","0.00, 1.00, None","0.00, 1.00, None","0.00, 1.00, True","0.00, 1.00, True","0.00, 1.00, True","0.00, 1.00, True",A,0.2
template_25,"1.00, 1.00, False","0.00, 1.00, False","0.00, 1.00, False","0.00, 1.00, False","0.00, 1.00, True","0.00, 1.00, True","0.00, 1.00, True","0.00, 1.00, True","0.00, 1.00, True","0.00, 1.00, True","0.00, 1.00, True","0.00, 1.00, True","0.00, 1.00, True","0.00, 1.00, True","0.00, 1.00, True","0.00, 1.00, True","0.00, 1.00, True","0.00, 1.00, True","0.00, 1.00, True","0.00, 1.00, True","0.00, 1.00, True","0.00, 1.00, True","0.00, 1.00, True","0.00, 1.00, True","0.00, 1.00, True","0.00, 1.00, True","0.00, 1.00, True","0.00, 1.00, True","0.00, 1.00, True","0.00, 1.00, True","0.00, 1.00, True","0.00, 1.00, True","0.00, 1.00, True","0.00, 1.00, True","0.00, 1.00, True","0.00, 1.00, True","0.00, 1.00, True","0.00, 1.00, True","0.00, 1.00, True","0.00, 1.00, True","0.00, 1.00, True","0.00, 1.00, True",None,"0.00, 1.00, None","0.00, 1.00, None","0.00, 1.00, None","0.00, 1.00, None","0.00, 1.00, None","0.00, 1.00, None","0.00, 1.00, None","0.00, 1.00, None","0.00, 1.00, None","0.00, 1.00, True","0.00, 1.00, True","0.00, 1.00, True","0.00, 1.00, True",A,0.2
template_26,"1.00, 1.00, False","0.00, 1.00, False","0.00, 1.00, False","0.00, 1.00, False","0.00, 1.00, True","0.00, 1.00, True","0.00, 1.00, True","0.00, 1.00, True","0.00, 1.00, True","0.00, 1.00, True","0.00, 1.00, True","0.00, 1.00, True","0.00, 1.00, True","0.00, 1.00, True","0.00, 1.00, True","0.00, 1.00, True","0.00, 1.00, True","0.00, 1.00, True","0.00, 1.00, True","0.00, 1.00, True","0.00, 1.00, True","0.00, 1.00, True","0.00, 1.00, True","0.00, 1.00, True","0.00, 1.00, True","0.00, 1.00, True","0.00, 1.00, True","0.00, 1.00, True","0.00, 1.00, True","0.00, 1.00, True","0.00, 1.00, True","0.00, 1.00, True","0.00, 1.00, True","0.00, 1.00, True","0.00, 1.00, True","0.00, 1.00, True","0.00, 1.00, True","0.00, 1.00, True","0.00, 1.00, True","0.00, 1.00, True","0.00, 1.00, True","0.00, 1.00, True","0.00, 1.00, True",None,"0.00, 1.00, None","0.00, 1.00, None","0.00, 1.00, None","0.00, 1.00, None","0.00, 1.00, None","0.00, 1.00, None","0.00, 1.00, None","0.00, 1.00, None","0.00, 1.00, True","0.00, 1.00, True","0.00, 1.00, True","0.00, 1.00, True",A,0.2
template_27,"1.00, 1.00, False","0.00, 1.00, False","0.00, 1.00, False","0.00, 1.00, False","0.00, 1.00, True","0.00, 1.00, True","0.00, 1.00, True","0.00, 1.00, True","0.00, 1.00, True","0.00, 1.00, True","0.00, 1.00, True","0.00, 1.00, True","0.00, 1.00, True","0.00, 1.00, True","0.00, 1.00, True","0.00, 1.00, True","0.00, 1.00, True","0.00, 1.00, True","0.00, 1.00, True","0.00, 1.00, True","0.00, 1.00, True","0.00, 1.00, True","0.00, 1.00, True","0.00, 1.00, True","0.00, 1.00, True","0.00, 1.00, True","0.00, 1.00, True","0.00, 1.00, True","0.00, 1.00, True","0.00, 1.00, True","0.00, 1.00, True","0.00, 1.00, True","0.00, 1.00, True","0.00, 1.00, True","0.00, 1.00, True","0.00, 1.00, True","0.00, 1.00, True","0.00, 1.00, True","0.00, 1.00, True","0.00, 1.00, True","0.00, 1.00, True","0.00, 1.00, True","0.00, 1.00, True","0.00, 1.00, True",None,"0.00, 1.00, None","0.00, 1.00, None","0.00, 1.00, None","0.00, 1.00, None","0.00, 1.00, None","0.00, 1.00, None","0.00, 1.00, None","0.00, 1.00, True","0.00, 1.00, True","0.00, 1.00, True","0.00, 1.00, True",A,0.2
template_22,"1.00, 1.00, False","0.00, 1.00, False","0.00, 1.00, False","0.00, 1.00, False","0.00, 1.00, True","0.00, 1.00, True","0.00, 1.00, True","0.00, 1.00, True","0.00, 1.00, True","0.00, 1.00, True","0.00, 1.00, True","0.00, 1.00, True","0.00, 1.00, True","0.00, 1.00, True","0.00, 1.00, True","0.00, 1.00, True","0.00, 1.00, True","0.00, 1.00, True","0.00, 1.00, True","0.00, 1.00, True","0.00, 1.00, True","0.00, 1.00, True","0.00, 1.00, True","0.00, 1.00, True","0.00, 1.00, True","0.00, 1.00, True","0.00, 1.00, True","0.00, 1.00, True","0.00, 1.00, True","0.00, 1.00, True","0.00, 1.00, True","0.00, 1.00, True","0.00, 1.00, True","0.00, 1.00, True","0.00, 1.00, True","0.00, 1.00, True","0.00, 1.00, True","0.00, 1.00, True","0.00, 1.00, True","0.00, 1.00, True","0.00, 1.00, True","0.00, 1.00, True","0.00, 1.00, True","0.00, 1.00, True","0.00, 1.00, True",None,"0.00, 1.00, None","0.00, 1.00, None","0.00, 1.00, None","0.00, 1.00, None","0.00, 1.00, None","0.00, 1.00, None","0.00, 1.00, True","0.00, 1.00, True","0.00, 1.00, True","0.00, 1.00, True",A,0.2
template_23,"1.00, 1.00, False","0.00, 1.00, False","0.00, 1.00, False","0.00, 1.00, False","0.00, 1.00, True","0.00, 1.00, True","0.00, 1.00, True","0.00, 1.00, True","0.00, 1.00, True","0.00, 1.00, True","0.00, 1.00, True","0.00, 1.00, True","0.00, 1.00, True","0.00, 1.00, True","0.00, 1.00, True","0.00, 1.00, True","0.00, 1.00, True","0.00, 1.00, True","0.00, 1.00, True","0.00, 1.00, True","0.00, 1.00, True","0.00, 1.00, True","0.00, 1.00, True","0.00, 1.00, True","0.00, 1.00, True","0.00, 1.00, True","0.00, 1.00, True","0.00, 1.00, True","0.00, 1.00, True","0.00, 1.00, True","0.00, 1.00, True","0.00, 1.00, True","0.00, 1.00, True","0.00, 1.00, True","0.00, 1.00, True","0.00, 1.00, True","0.00, 1.00, True","0.00, 1.00, True","0.00, 1.00, True","0.00, 1.00, True","0.00, 1.00, True","0.00, 1.00, True","0.00, 1.00, True","0.00, 1.00, True","0.00, 1.00, True","0.00, 1.00, True",None,"0.00, 1.00, None","0.00, 1.00, None","0.00, 1.00, None","0.00, 1.00, None","0.00, 1.00, None","0.00, 1.00, True","0.00, 1.00, True","0.00, 1.00, True","0.00, 1.00, True",A,0.2
template_18,"1.00, 1.00, False","0.00, 1.00, False","0.00, 1.00, False","0.00, 1.00, False","0.00, 1.00, True","0.00, 1.00, True","0.00, 1.00, True","0.00, 1.00, True","0.00, 1.00, True","0.00, 1.00, True","0.00, 1.00, True","0.00, 1.00, True","0.00, 1.00, True","0.00, 1.00, True","0.00, 1.00, True","0.00, 1.00, True","0.00, 1.00, True","0.00, 1.00, True","0.00, 1.00, True","0.00, 1.00, True","0.00, 1.00, True","0.00, 1.00, True","0.00, 1.00, True","0.00, 1.00, True","0.00, 1.00, True","0.00, 1.00, True","0.00, 1.00, True","0.00, 1.00, True","0.00, 1.00, True","0.00, 1.00, True","0.00, 1.00, True","0.00, 1.00, True","0.00, 1.00, True","0.00, 1.00, True","0.00, 1.00, True","0.00, 1.00, True","0.00, 1.00, True","0.00, 1.00, True","0.00, 1.00, True","0.00, 1.00, True","0.00, 1.00, True","0.00, 1.00, True","0.00, 1.00, True","0.00, 1.00, True","0.00, 1.00, True","0.00, 1.00, True","0.00, 1.00, True",None,"0.00, 1.00, None","0.00, 1.00, None","0.00, 1.00, None","0.00, 1.00, None","0.00, 1.00, True","0.00, 1.00, True","0.00, 1.00, True","0.00, 1.00, True",A,0.2
template_19,"1.00, 1.00, False","0.00, 1.00, False","0.00, 1.00, False","0.00, 1.00, False","0.00, 1.00, True","0.00, 1.00, True","0.00, 1.00, True","0.00, 1.00, True","0.00, 1.00, True","0.00, 1.00, True","0.00, 1.00, True","0.00, 1.00, True","0.00, 1.00, True","0.00, 1.00, True","0.00, 1.00, True","0.00, 1.00, True","0.00, 1.00, True","0.00, 1.00, True","0.00, 1.00, True","0.00, 1.00, True","0.00, 1.00, True","0.00, 1.00, True","0.00, 1.00, True","0.00, 1.00, True","0.00, 1.00, True","0.00, 1.00, True","0.00, 1.00, True","0.00, 1.00, True","0.00, 1.00, True","0.00, 1.00, True","0.00, 1.00, True","0.00, 1.00, True","0.00, 1.00, True","0.00, 1.00, True","0.00, 1.00, True","0.00, 1.00, True","0.00, 1.00, True","0.00, 1.00, True","0.00, 1.00, True","0.00, 1.00, True","0.00, 1.00, True","0.00, 1.00, True","0.00, 1.00, True","0.00, 1.00, True","0.00, 1.00, True","0.00, 1.00, True","0.00, 1.00, True","0.00, 1.00, True",None,"0.00, 1.00, None","0.00, 1.00, None","0.00, 1.00, None","0.00, 1.00, True","0.00, 1.00, True","0.00, 1.00, True","0.00, 1.00, True",A,0.2
template_21,"1.00, 1.00, False","0.00, 1.00, False","0.00, 1.00, False","0.00, 1.00, False","0.00, 1.00, True","0.00, 1.00, True","0.00, 1.00, True","0.00, 1.00, True","0.00, 1.00, True","0.00, 1.00, True","0.00, 1.00, True","0.00, 1.00, True","0.00, 1.00, True","0.00, 1.00, True","0.00, 1.00, True","0.00, 1.00, True","0.00, 1.00, True","0.00, 1.00, True","0.00, 1.00, True","0.00, 1.00, True","0.00, 1.00, True","0.00, 1.00, True","0.00, 1.00, True","0.00, 1.00, True","0.00, 1.00, True","0.00, 1.00, True","0.00, 1.00, True","0.00, 1.00, True","0.00, 1.00, True","0.00, 1.00, True","0.00, 1.00, True","0.00, 1.00, True","0.00, 1.00, True","0.00, 1.00, True","0.00, 1.00, True","0.00, 1.00, True","0.00, 1.00, True","0.00, 1.00, True","0.00, 1.00, True","0.00, 1.00, True","0.00, 1.00, True","0.00, 1.00, True","0.00, 1.00, True","0.00, 1.00, True","0.00, 1.00, True","0.00, 1.00, True","0.00, 1.00, True","0.00, 1.00, True","0.00, 1.00, True",None,"0.00, 1.00, None","0.00, 1.00, None","0.00, 1.00, True","0.00, 1.00, True","0.00, 1.00, True","0.00, 1.00, True",A,0.2
template_14,"1.00, 1.00, False","0.00, 1.00, False","0.00, 1.00, False","0.00, 1.00, False","0.00, 1.00, True","0.00, 1.00, True","0.00, 1.00, True","0.00, 1.00, True","0.00, 1.00, True","0.00, 1.00, True","0.00, 1.00, True","0.00, 1.00, True","0.00, 1.00, True","0.00, 1.00, True","0.00, 1.00, True","0.00, 1.00, True","0.00, 1.00, True","0.00, 1.00, True","0.00, 1.00, True","0.00, 1.00, True","0.00, 1.00, True","0.00, 1.00, True","0.00, 1.00, True","0.00, 1.00, True","0.00, 1.00, True","0.00, 1.00, True","0.00, 1.00, True","0.00, 1.00, True","0.00, 1.00, True","0.00, 1.00, True","0.00, 1.00, True","0.00, 1.00, True","0.00, 1.00, True","0.00, 1.00, True","0.00, 1.00, True","0.00, 1.00, True","0.00, 1.00, True","0.00, 1.00, True","0.00, 1.00, True","0.00, 1.00, True","0.00, 1.00, True","0.00, 1.00, True","0.00, 1.00, True","0.00, 1.00, True","0.00, 1.00, True","0.00, 1.00, True","0.00, 1.00, True","0.00, 1.00, True","0.00, 1.00, True","0.00, 1.00, True",None,"0.00, 1.00, None","0.00, 1.00, True","0.00, 1.00, True","0.00, 1.00, True","0.00, 1.00, True",A,0.2
template_43,"1.00, 1.00, False","0.00, 1.00, False","0.00, 1.00, False","0.00, 1.00, False","0.00, 1.00, True","0.00, 1.00, True","0.00, 1.00, True","0.00, 1.00, True","0.00, 1.00, True","0.00, 1.00, True","0.00, 1.00, True","0.00, 1.00, True","0.00, 1.00, True","0.00, 1.00, True","0.00, 1.00, True","0.00, 1.00, True","0.00, 1.00, True","0.00, 1.00, True","0.00, 1.00, True","0.00, 1.00, True","0.00, 1.00, True","0.00, 1.00, True","0.00, 1.00, True","0.00, 1.00, True","0.00, 1.00, True","0.00, 1.00, True","0.00, 1.00, True","0.00, 1.00, True","0.00, 1.00, True","0.00, 1.00, True","0.00, 1.00, True","0.00, 1.00, True","0.00, 1.00, True","0.00, 1.00, True","0.00, 1.00, True","0.00, 1.00, True","0.00, 1.00, True","0.00, 1.00, True","0.00, 1.00, True","0.00, 1.00, True","0.00, 1.00, True","0.00, 1.00, True","0.00, 1.00, True","0.00, 1.00, True","0.00, 1.00, True","0.00, 1.00, True","0.00, 1.00, True","0.00, 1.00, True","0.00, 1.00, True","0.00, 1.00, True","0.00, 1.00, True",None,"0.00, 1.00, True","0.00, 1.00, True","0.00, 1.00, True","0.00, 1.00, True",A,0.2
template_50,"1.00, 0.62, False","0.00, 0.50, False","0.00, 0.50, False","0.00, 0.50, False","0.00, 1.00, False","0.00, 1.00, False","0.00, 1.00, False","0.00, 1.00, False","0.00, 1.00, False","0.00, 1.00, False","0.00, 1.00, False","0.00, 1.00, False","0.00, 1.00, False","0.00, 1.00, False","0.00, 1.00, False","0.00, 1.00, False","0.00, 1.00, False","0.00, 1.00, False","0.00, 1.00, False","0.00, 1.00, False","0.00, 1.00, False","0.00, 1.00, False","0.00, 1.00, False","0.00, 1.00, False","0.00, 1.00, False","0.00, 1.00, False","0.00, 1.00, False","0.00, 1.00, False","0.00, 1.00, False","0.00, 1.00, False","0.00, 1.00, False","0.00, 1.00, False","0.00, 1.00, False","0.00, 1.00, False","0.00, 1.00, False","0.00, 1.00, False","0.00, 1.00, False","0.00, 1.00, False","0.00, 1.00, False","0.00, 1.00, False","0.00, 1.00, False","0.00, 1.00, False","0.00, 1.00, False","0.00, 1.00, False","0.00, 1.00, False","0.00, 1.00, False","0.00, 1.00, False","0.00, 1.00, False","0.00, 1.00, False","0.00, 1.00, False","0.00, 1.00, False","0.00, 1.00, False",None,"0.00, 1.00, None","0.00, 1.00, None","0.00, 1.00, None",A,0.19
template_51,"1.00, 0.62, False","0.00, 0.50, False","0.00, 0.50, False","0.00, 0.50, False","0.00, 1.00, False","0.00, 1.00, False","0.00, 1.00, False","0.00, 1.00, False","0.00, 1.00, False","0.00, 1.00, False","0.00, 1.00, False","0.00, 1.00, False","0.00, 1.00, False","0.00, 1.00, False","0.00, 1.00, False","0.00, 1.00, False","0.00, 1.00, False","0.00, 1.00, False","0.00, 1.00, False","0.00, 1.00, False","0.00, 1.00, False","0.00, 1.00, False","0.00, 1.00, False","0.00, 1.00, False","0.00, 1.00, False","0.00, 1.00, False","0.00, 1.00, False","0.00, 1.00, False","0.00, 1.00, False","0.00, 1.00, False","0.00, 1.00, False","0.00, 1.00, False","0.00, 1.00, False","0.00, 1.00, False","0.00, 1.00, False","0.00, 1.00, False","0.00, 1.00, False","0.00, 1.00, False","0.00, 1.00, False","0.00, 1.00, False","0.00, 1.00, False","0.00, 1.00, False","0.00, 1.00, False","0.00, 1.00, False","0.00, 1.00, False","0.00, 1.00, False","0.00, 1.00, False","0.00, 1.00, False","0.00, 1.00, False","0.00, 1.00, False","0.00, 1.00, False","0.00, 1.00, False","0.00, 1.00, True",None,"0.00, 1.00, None","0.00, 1.00, None",A,0.19
template_49,"1.00, 0.62, False","0.00, 0.50, False","0.00, 0.50, False","0.00, 0.50, False","0.00, 1.00, False","0.00, 1.00, False","0.00, 1.00, False","0.00, 1.00, False","0.00, 1.00, False","0.00, 1.00, False","0.00, 1.00, False","0.00, 1.00, False","0.00, 1.00, False","0.00, 1.00, False","0.00, 1.00, False","0.00, 1.00, False","0.00, 1.00, False","0.00, 1.00, False","0.00, 1.00, False","0.00, 1.00, False","0.00, 1.00, False","0.00, 1.00, False","0.00, 1.00, False","0.00, 1.00, False","0.00, 1.00, False","0.00, 1.00, False","0.00, 1.00, False","0.00, 1.00, False","0.00, 1.00, False","0.00, 1.00, False","0.00, 1.00, False","0.00, 1.00, False","0.00, 1.00, False","0.00, 1.00, False","0.00, 1.00, False","0.00, 1.00, False","0.00, 1.00, False","0.00, 1.00, False","0.00, 1.00, False","0.00, 1.00, False","0.00, 1.00, False","0.00, 1.00, False","0.00, 1.00, False","0.00, 1.00, False","0.00, 1.00, False","0.00, 1.00, False","0.00, 1.00, False","0.00, 1.00, False","0.00, 1.00, False","0.00, 1.00, False","0.00, 1.00, False","0.00, 1.00, False","0.00, 1.00, True","0.00, 1.00, True",None,"0.00, 1.00, None",A,0.19
template_20,"1.00, 0.62, False","0.00, 0.50, False","0.00, 0.50, False","0.00, 0.50, False","0.00, 1.00, False","0.00, 1.00, False","0.00, 1.00, False","0.00, 1.00, False","0.00, 1.00, False","0.00, 1.00, False","0.00, 1.00, False","0.00, 1.00, False","0.00, 1.00, False","0.00, 1.00, False","0.00, 1.00, False","0.00, 1.00, False","0.00, 1.00, False","0.00, 1.00, False","0.00, 1.00, False","0.00, 1.00, False","0.00, 1.00, False","0.00, 1.00, False","0.00, 1.00, False","0.00, 1.00, False","0.00, 1.00, False","0.00, 1.00, False","0.00, 1.00, False","0.00, 1.00, False","0.00, 1.00, False","0.00, 1.00, False","0.00, 1.00, False","0.00, 1.00, False","0.00, 1.00, False","0.00, 1.00, False","0.00, 1.00, False","0.00, 1.00, False","0.00, 1.00, False","0.00, 1.00, False","0.00, 1.00, False","0.00, 1.00, False","0.00, 1.00, False","0.00, 1.00, False","0.00, 1.00, False","0.00, 1.00, False","0.00, 1.00, False","0.00, 1.00, False","0.00, 1.00, False","0.00, 1.00, False","0.00, 1.00, False","0.00, 1.00, False","0.00, 1.00, False","0.00, 1.00, False","0.00, 1.00, True","0.00, 1.00, True","0.00, 1.00, True",None,A,0.19
